{"RL-212.jpg": [], "RL-204.jpg": [], "RL-143.jpg": [], "RL-233.jpg": [], "RL-271.jpg": [[206, 345, 214, 352, 0.9137084632182229], [249, 232, 259, 244, 0.964631372876445]], "RL-223.jpg": [], "RL-201.jpg": [], "RL-081.jpg": [], "RL-034.jpg": [[218, 321, 226, 328, 0.9415878458954714]], "RL-066.jpg": [], "RL-122.jpg": [[211, 432, 221, 444, 0.9046877961876493]], "RL-113.jpg": [[290, 391, 298, 398, 0.9397893421064273], [329, 251, 339, 263, 0.9001409093821329]], "RL-083.jpg": [], "RL-334.jpg": [[213, 305, 238, 328, 0.9118942658811205], [242, 90, 267, 113, 0.9021263125596796], [272, 286, 282, 298, 0.9075363304357615]], "RL-321.jpg": [], "RL-021.jpg": [[148, 282, 156, 289, 0.9191361548357145], [193, 364, 201, 371, 0.9295933493082127]], "RL-329.jpg": [[219, 136, 227, 143, 0.9302101029167846]], "RL-239.jpg": [], "RL-135.jpg": [], "RL-197.jpg": [], "RL-150.jpg": [[226, 586, 251, 609, 0.9007735294982662]], "RL-151.jpg": [], "RL-167.jpg": [[124, 367, 132, 374, 0.9082434279191396], [137, 362, 147, 374, 0.9298033549253866], [245, 299, 253, 306, 0.9127537961590393], [303, 196, 328, 219, 0.9111371717400845]], "RL-263.jpg": [], "RL-091.jpg": [], "RL-030.jpg": [], "RL-022.jpg": [[210, 492, 235, 515, 0.901057646418054]], "RL-063.jpg": [[314, 48, 322, 55, 0.9140701275829834]], "RL-080.jpg": [], "RL-194.jpg": [], "RL-295.jpg": [[245, 13, 255, 25, 0.9052589833068131]], "RL-137.jpg": [[202, 189, 212, 201, 0.9033609149314216]], "RL-149.jpg": [[186, 312, 194, 319, 0.9344047224180597], [223, 376, 233, 388, 0.910026097988813]], "RL-157.jpg": [[291, 347, 299, 354, 0.9028631603094035], [327, 206, 335, 213, 0.9218119333144311], [336, 425, 344, 432, 0.9756908493001005]], "RL-326.jpg": [[248, 391, 258, 403, 0.9297219394716848]], "RL-332.jpg": [[222, 254, 230, 261, 0.9365178887155082], [266, 390, 276, 402, 0.9333316743435949]], "RL-115.jpg": [[245, 339, 255, 351, 0.9227784039790512], [280, 413, 290, 425, 0.9183564570549884]], "RL-056.jpg": [], "RL-140.jpg": [], "RL-180.jpg": [], "RL-266.jpg": [[219, 324, 227, 331, 0.9150810466846251], [275, 411, 283, 418, 0.9112699121643886]], "RL-161.jpg": [], "RL-049.jpg": [[188, 155, 213, 178, 0.9012030821235095]], "RL-158.jpg": [[172, 351, 180, 358, 0.9287568220067273], [209, 212, 217, 219, 0.9670435938012816]], "RL-072.jpg": [], "RL-132.jpg": [], "RL-126.jpg": [[176, 77, 201, 100, 0.9024018321291314]], "RL-092.jpg": [[153, 304, 161, 311, 0.9605217529947161], [186, 209, 196, 221, 0.9265574871835294]], "RL-196.jpg": [[185, 269, 193, 276, 0.9272344034852587], [218, 97, 226, 104, 0.9205947369474727], [232, 405, 240, 412, 0.9312313856951949]], "RL-119.jpg": [], "RL-324.jpg": [[252, 129, 260, 136, 0.9601158420340041]]}