{"RL-021.jpg": [[190.33333333333331, 55, 196.66666666666669, 61], [148.66666666666669, 282, 154.66666666666669, 288], [193.66666666666669, 364, 200.33333333333331, 370.3333333333333]], "RL-022.jpg": [[246.5, 268, 250.5, 271.5], [230, 322, 235, 326], [248, 352, 251, 356]], "RL-030.jpg": [[248, 318, 253, 322.6666666666667], [282, 377, 287, 382.3333333333333], [284, 220, 288, 225]], "RL-034.jpg": [[218.33333333333331, 321, 224.33333333333334, 327.6666666666667], [268, 405.5, 273, 410.5], [287, 408, 292, 413]], "RL-049.jpg": [[145.66666666666669, 304.3333333333333, 157.0, 315.6666666666667], [195.66666666666669, 406.6666666666667, 206.33333333333331, 417.0], [198.33333333333331, 161.33333333333334, 207.33333333333331, 171.0]], "RL-056.jpg": [[211.5, 352, 215.0, 356.5], [211, 321, 214, 325]], "RL-063.jpg": [[223.66666666666669, 318.6666666666667, 231.0, 327.3333333333333], [315.66666666666663, 48.333333333333336, 321.3333333333333, 53.333333333333336], [297, 530.6666666666666, 304, 538.6666666666666]], "RL-066.jpg": [], "RL-072.jpg": [], "RL-080.jpg": [], "RL-081.jpg": [], "RL-083.jpg": [], "RL-091.jpg": [], "RL-092.jpg": [[188.33333333333331, 212.33333333333334, 194.33333333333331, 218.66666666666666], [153.66666666666669, 304, 160.0, 310.6666666666667], [194.33333333333331, 372.3333333333333, 200.0, 378.3333333333333]], "RL-113.jpg": [[331.33333333333337, 254, 337.33333333333337, 260], [332, 472.3333333333333, 337.33333333333337, 477.6666666666667], [290.5, 391.5, 295.5, 396.5]], "RL-115.jpg": [[284, 240, 290.33333333333337, 246.66666666666666], [247, 341.3333333333333, 253.66666666666666, 347.6666666666667], [282, 416, 288.33333333333337, 422.3333333333333]], "RL-119.jpg": [], "RL-122.jpg": [[200, 174, 207, 181], [210, 445, 219, 453]], "RL-126.jpg": [], "RL-132.jpg": [], "RL-135.jpg": [[225.66666666666666, 198.33333333333334, 231.33333333333334, 203.66666666666666], [193.66666666666669, 340.3333333333333, 199.66666666666669, 345.3333333333333], [233.33333333333334, 406.3333333333333, 238.0, 412.0]], "RL-137.jpg": [[204, 192, 209.33333333333331, 198], [169.33333333333331, 333.6666666666667, 174.66666666666669, 339.6666666666667], [207.66666666666669, 400.6666666666667, 213.33333333333331, 406.3333333333333]], "RL-140.jpg": [], "RL-143.jpg": [], "RL-149.jpg": [], "RL-150.jpg": [], "RL-151.jpg": [[193, 287.5, 196.5, 291.0], [195, 341.5, 199.5, 347.0], [181, 323, 185, 327]], "RL-157.jpg": [[327.66666666666663, 206.33333333333334, 334.66666666666663, 213.0], [292.33333333333337, 346.6666666666667, 298.6666666666667, 353.6666666666667], [336, 425, 342.33333333333337, 431]], "RL-158.jpg": [[209.66666666666669, 212, 215.33333333333331, 219], [173.66666666666669, 351, 179.33333333333331, 357.3333333333333], [216, 428, 222.66666666666669, 435]], "RL-161.jpg": [], "RL-167.jpg": [[179.66666666666669, 185.33333333333334, 193.33333333333331, 197.33333333333334], [129.33333333333331, 421.3333333333333, 141.0, 432.6666666666667], [247, 300, 251, 304], [250, 342, 253, 345]], "RL-180.jpg": [], "RL-194.jpg": [], "RL-196.jpg": [[218.33333333333331, 97.66666666666667, 224.66666666666666, 104.0], [186, 269, 192, 275.6666666666667], [190.33333333333331, 325, 195.33333333333331, 330.3333333333333], [233.33333333333334, 405.3333333333333, 238.66666666666666, 411.3333333333333]], "RL-197.jpg": [[231, 354, 234.66666666666666, 358], [243, 378, 246.5, 381.5], [245, 296, 248, 299]], "RL-201.jpg": [], "RL-204.jpg": [], "RL-212.jpg": [[203.66666666666669, 237.66666666666666, 208.33333333333331, 242.66666666666666], [175.66666666666669, 334, 181.0, 339.6666666666667], [205.66666666666669, 388, 210.66666666666669, 393.6666666666667]], "RL-223.jpg": [], "RL-233.jpg": [], "RL-239.jpg": [], "RL-263.jpg": [[231, 165, 234, 168], [204.66666666666669, 289.6666666666667, 208.0, 292.6666666666667], [226.33333333333334, 322, 229.66666666666666, 325.6666666666667]], "RL-266.jpg": [[291.5, 41.5, 295.5, 46.0], [218.66666666666669, 324, 224.33333333333334, 330], [275.66666666666663, 411.6666666666667, 282.0, 417.3333333333333]], "RL-271.jpg": [[250.66666666666666, 235, 256.33333333333337, 240.66666666666666], [206.33333333333331, 345.6666666666667, 213.0, 352.3333333333333], [254, 431.6666666666667, 259.66666666666663, 437.3333333333333]], "RL-295.jpg": [[246.66666666666666, 16, 254.0, 23.333333333333332], [251.5, 279.5, 256.5, 284.5]], "RL-321.jpg": [], "RL-324.jpg": [[252.33333333333334, 129, 258.33333333333337, 135.66666666666666], [225.33333333333334, 256, 230.0, 261.3333333333333], [251, 351.3333333333333, 256, 356.6666666666667]], "RL-326.jpg": [[252, 165.66666666666666, 258.66666666666663, 172.33333333333334], [250, 394, 256, 401.3333333333333]], "RL-329.jpg": [[219.33333333333331, 135.66666666666666, 225.66666666666666, 142.0], [189.66666666666669, 345.3333333333333, 194.0, 351.0], [191.33333333333331, 413.6666666666667, 196.66666666666669, 420.0], [235.33333333333334, 506.3333333333333, 241.66666666666666, 512.6666666666666]], "RL-332.jpg": [[269.66666666666663, 78.66666666666667, 276.0, 85.0], [222.33333333333331, 254.33333333333334, 228.33333333333334, 260.6666666666667], [224.66666666666666, 310.3333333333333, 230.66666666666666, 316.6666666666667], [268, 392.3333333333333, 274, 398.6666666666667]], "RL-334.jpg": [[221, 311.3333333333333, 234, 323.6666666666667], [270, 394.6666666666667, 282, 407.0], [249.33333333333334, 94, 265.33333333333337, 109]]}