{"RL-212.jpg": [], "RL-204.jpg": [], "RL-143.jpg": [], "RL-233.jpg": [], "RL-271.jpg": [], "RL-223.jpg": [], "RL-201.jpg": [], "RL-081.jpg": [], "RL-034.jpg": [], "RL-066.jpg": [], "RL-122.jpg": [], "RL-113.jpg": [], "RL-083.jpg": [], "RL-334.jpg": [[213, 305, 238, 328, 0.9118942658811205], [242, 90, 267, 113, 0.9021263125596796]], "RL-321.jpg": [], "RL-021.jpg": [], "RL-329.jpg": [], "RL-239.jpg": [], "RL-135.jpg": [], "RL-197.jpg": [], "RL-150.jpg": [[226, 586, 251, 609, 0.9007735294982662]], "RL-151.jpg": [], "RL-167.jpg": [[303, 196, 328, 219, 0.9111371717400845], [173, 178, 198, 201, 0.9049679926790788], [244, 209, 269, 232, 0.9038270525049755], [270, 285, 295, 308, 0.9030313974104449], [370, 181, 395, 204, 0.9024645583454416]], "RL-263.jpg": [], "RL-091.jpg": [], "RL-030.jpg": [], "RL-022.jpg": [[210, 492, 235, 515, 0.901057646418054]], "RL-063.jpg": [], "RL-080.jpg": [], "RL-194.jpg": [], "RL-295.jpg": [], "RL-137.jpg": [], "RL-149.jpg": [], "RL-157.jpg": [], "RL-326.jpg": [], "RL-332.jpg": [], "RL-115.jpg": [], "RL-056.jpg": [], "RL-140.jpg": [], "RL-180.jpg": [], "RL-266.jpg": [], "RL-161.jpg": [], "RL-049.jpg": [[188, 155, 213, 178, 0.9012030821235095]], "RL-158.jpg": [], "RL-072.jpg": [], "RL-132.jpg": [], "RL-126.jpg": [[176, 77, 201, 100, 0.9024018321291314]], "RL-092.jpg": [], "RL-196.jpg": [], "RL-119.jpg": [], "RL-324.jpg": []}