{"RL-155.jpg": [], "RL-259.jpg": [], "RL-313.jpg": [], "RL-062.jpg": [], "RL-089.jpg": [], "RL-002.jpg": [], "RL-252.jpg": [], "RL-035.jpg": [], "RL-078.jpg": [[225, 249, 250, 272, 0.9006945994670363]], "RL-024.jpg": [], "RL-069.jpg": [[239, 561, 264, 584, 0.9033313907762323]], "RL-071.jpg": [], "RL-131.jpg": [], "RL-084.jpg": [], "RL-073.jpg": [], "RL-290.jpg": [], "RL-254.jpg": [], "RL-192.jpg": [], "RL-065.jpg": [], "RL-214.jpg": [], "RL-211.jpg": [], "RL-244.jpg": [[251, 183, 276, 206, 0.9130780098964029], [281, 363, 306, 386, 0.9051354875376412], [307, 397, 332, 420, 0.9007526135125398], [333, 396, 358, 419, 0.909692103662651]], "RL-209.jpg": [], "RL-264.jpg": [], "RL-017.jpg": [], "RL-304.jpg": [], "RL-221.jpg": [], "RL-219.jpg": [], "RL-027.jpg": [], "RL-106.jpg": [], "RL-174.jpg": [[272, 269, 297, 292, 0.9083005214781658]], "RL-318.jpg": [], "RL-033.jpg": [], "RL-282.jpg": [], "RL-220.jpg": [], "RL-114.jpg": [], "RL-181.jpg": [[223, 388, 248, 411, 0.9010589149677181]], "RL-328.jpg": [], "RL-185.jpg": [[177, 299, 202, 322, 0.9058948737154119], [262, 230, 287, 253, 0.9034333289924013], [148, 30, 173, 53, 0.9032486755510476], [210, 268, 235, 291, 0.9012217382836027], [116, 524, 141, 547, 0.900792041179115]], "RL-281.jpg": [], "RL-061.jpg": [], "RL-303.jpg": [], "RL-067.jpg": [], "RL-117.jpg": [], "RL-111.jpg": [], "RL-207.jpg": [], "RL-171.jpg": [[285, 190, 310, 213, 0.9057589359227503], [311, 388, 336, 411, 0.9046594262414037], [233, 294, 258, 317, 0.9028781812127442], [259, 273, 284, 296, 0.9022555944509882], [198, 351, 223, 374, 0.902191586133191]], "RL-307.jpg": [], "RL-019.jpg": [], "RL-175.jpg": [], "RL-009.jpg": [[300, 120, 325, 143, 0.9000269294200205]], "RL-003.jpg": [], "RL-053.jpg": [[233, 498, 258, 521, 0.9049946801657824], [270, 448, 295, 471, 0.9008111535751926]], "RL-250.jpg": [], "RL-109.jpg": [], "RL-238.jpg": [], "RL-237.jpg": [], "RL-037.jpg": [], "RL-058.jpg": [], "RL-294.jpg": [], "RL-195.jpg": [], "RL-032.jpg": [[323, 458, 348, 481, 0.9020392020118209]], "RL-322.jpg": [], "RL-059.jpg": [], "RL-229.jpg": [], "RL-248.jpg": [[128, 497, 153, 520, 0.9070978826168901]], "RL-101.jpg": [], "RL-234.jpg": [], "RL-076.jpg": [], "RL-103.jpg": [], "RL-163.jpg": [[264, 230, 289, 253, 0.9057374730385719], [402, 270, 427, 293, 0.9020390704673795]], "RL-152.jpg": [], "RL-317.jpg": [], "RL-258.jpg": [], "RL-023.jpg": [], "RL-096.jpg": [], "RL-240.jpg": [[149, 365, 174, 388, 0.9055042860086122], [259, 559, 284, 582, 0.9012944539579235]], "RL-251.jpg": [], "RL-243.jpg": [[216, 262, 241, 285, 0.9029348993073367]], "RL-051.jpg": [], "RL-029.jpg": [], "RL-004.jpg": [], "RL-215.jpg": [], "RL-170.jpg": [[212, 437, 237, 460, 0.9033885524866935], [243, 101, 268, 124, 0.9009464344933824], [423, 125, 448, 148, 0.9029332466037738]], "RL-112.jpg": [], "RL-222.jpg": [], "RL-036.jpg": [], "RL-236.jpg": [], "RL-200.jpg": [], "RL-129.jpg": [[164, 195, 189, 218, 0.901652475749366], [224, 221, 249, 244, 0.903594537040592]], "RL-160.jpg": [], "RL-125.jpg": [[248, 20, 273, 43, 0.9253043307371929]], "RL-156.jpg": [], "RL-147.jpg": [], "RL-283.jpg": [], "RL-262.jpg": [], "RL-308.jpg": [], "RL-275.jpg": [], "RL-159.jpg": [], "RL-228.jpg": [], "RL-292.jpg": [], "RL-267.jpg": [], "RL-202.jpg": [], "RL-006.jpg": [[0, 378, 25, 401, 0.9031305686140303], [144, 577, 169, 600, 0.9022772301440575], [197, 543, 222, 566, 0.9001804186420386], [230, 531, 255, 554, 0.9020482256326677]], "RL-182.jpg": [], "RL-316.jpg": [], "RL-186.jpg": [], "RL-305.jpg": [], "RL-026.jpg": [], "RL-086.jpg": [], "RL-082.jpg": [], "RL-164.jpg": [], "RL-269.jpg": [], "RL-016.jpg": [], "RL-052.jpg": [], "RL-110.jpg": [], "RL-217.jpg": [], "RL-203.jpg": [], "RL-189.jpg": [], "RL-230.jpg": [], "RL-107.jpg": [], "RL-098.jpg": [], "RL-235.jpg": [], "RL-153.jpg": [], "RL-044.jpg": [], "RL-184.jpg": [[127, 367, 152, 390, 0.9098900721659166], [154, 341, 179, 364, 0.9005172015242835], [216, 354, 241, 377, 0.9016457349009347], [363, 399, 388, 422, 0.9024985497366494], [427, 280, 452, 303, 0.9011889947258002]], "RL-141.jpg": [], "RL-241.jpg": [[154, 189, 179, 212, 0.9089393085499741], [262, 284, 287, 307, 0.9002889534433074]], "RL-260.jpg": [], "RL-134.jpg": [], "RL-028.jpg": [], "RL-327.jpg": [], "RL-330.jpg": [], "RL-224.jpg": [], "RL-255.jpg": [], "RL-314.jpg": [], "RL-208.jpg": [], "RL-093.jpg": [], "RL-042.jpg": [[137, 336, 162, 359, 0.9006273070362557], [244, 225, 269, 248, 0.9024108986553127], [430, 332, 455, 355, 0.9016348821992377]], "RL-306.jpg": [], "RL-043.jpg": [[128, 356, 153, 379, 0.902782128945131], [195, 182, 220, 205, 0.9001873085535195], [335, 189, 360, 212, 0.9016885414627496]], "RL-293.jpg": [], "RL-261.jpg": [], "RL-104.jpg": [], "RL-270.jpg": [], "RL-253.jpg": [], "RL-133.jpg": [], "RL-191.jpg": [], "RL-105.jpg": [], "RL-015.jpg": [[246, 91, 271, 114, 0.902045551628446], [278, 91, 303, 114, 0.9030113174745579]], "RL-226.jpg": [], "RL-319.jpg": [], "RL-087.jpg": [], "RL-299.jpg": [], "RL-300.jpg": [], "RL-001.jpg": [], "RL-142.jpg": [], "RL-088.jpg": [], "RL-077.jpg": [], "RL-094.jpg": [], "RL-225.jpg": [], "RL-040.jpg": [], "RL-320.jpg": [], "RL-041.jpg": [[250, 123, 275, 146, 0.9032252279798915]], "RL-148.jpg": [], "RL-039.jpg": [[178, 304, 203, 327, 0.9000504590858804], [343, 101, 368, 124, 0.9046575520694106]], "RL-166.jpg": [], "RL-013.jpg": [], "RL-178.jpg": [], "RL-116.jpg": [], "RL-277.jpg": [], "RL-297.jpg": [], "RL-102.jpg": [], "RL-311.jpg": [], "RL-198.jpg": [], "RL-012.jpg": [[28, 184, 53, 207, 0.9035753779498346], [299, 382, 324, 405, 0.9037522079311673]], "RL-199.jpg": [], "RL-276.jpg": [], "RL-020.jpg": [], "RL-216.jpg": [], "RL-210.jpg": [[183, 558, 208, 581, 0.9007242318345802]], "RL-130.jpg": [], "RL-173.jpg": [[53, 2, 78, 25, 0.9077083589391555], [127, 564, 152, 587, 0.9074646927847888], [199, 542, 224, 565, 0.9052847036834196], [294, 284, 319, 307, 0.900300111766295]], "RL-169.jpg": [[171, 317, 196, 340, 0.9010567024779552], [255, 318, 280, 341, 0.9024053999262787], [337, 323, 362, 346, 0.9042882204436636]], "RL-265.jpg": [], "RL-315.jpg": [], "RL-287.jpg": [], "RL-301.jpg": [], "RL-245.jpg": [[226, 341, 251, 364, 0.9024749434707069]], "RL-097.jpg": [[216, 381, 241, 404, 0.9038179175871103]], "RL-124.jpg": [[201, 133, 226, 156, 0.9067571330324251]], "RL-108.jpg": [], "RL-018.jpg": [], "RL-095.jpg": [], "RL-054.jpg": [], "RL-188.jpg": [], "RL-085.jpg": [], "RL-205.jpg": [], "RL-050.jpg": [], "RL-285.jpg": [], "RL-284.jpg": [], "RL-005.jpg": [], "RL-010.jpg": [[13, 135, 38, 158, 0.9025691359023638], [174, 601, 199, 624, 0.9003592787192531], [263, 473, 288, 496, 0.9037519083433843]], "RL-145.jpg": [], "RL-090.jpg": [], "RL-302.jpg": [], "RL-273.jpg": [], "RL-193.jpg": [], "RL-139.jpg": [], "RL-099.jpg": [], "RL-118.jpg": [], "RL-278.jpg": [], "RL-333.jpg": [[201, 315, 226, 338, 0.9004657177064787], [235, 102, 260, 125, 0.9021138542404323]], "RL-048.jpg": [], "RL-172.jpg": [[129, 358, 154, 381, 0.9037852277380682], [370, 358, 395, 381, 0.9011458711135802]], "RL-121.jpg": [], "RL-323.jpg": [], "RL-128.jpg": [[162, 202, 187, 225, 0.9007520387259449], [226, 358, 251, 381, 0.9039147118330833]], "RL-136.jpg": [], "RL-309.jpg": [], "RL-127.jpg": [], "RL-183.jpg": [[391, 320, 416, 343, 0.9014825112230042]], "RL-272.jpg": [], "RL-246.jpg": [[43, 2, 68, 25, 0.9044582801147056]], "RL-079.jpg": [], "RL-060.jpg": [], "RL-008.jpg": [], "RL-146.jpg": [], "RL-231.jpg": [], "RL-312.jpg": [], "RL-046.jpg": [], "RL-232.jpg": [], "RL-055.jpg": [], "RL-177.jpg": [], "RL-190.jpg": [], "RL-227.jpg": [], "RL-057.jpg": [], "RL-288.jpg": [], "RL-325.jpg": [], "RL-100.jpg": [], "RL-280.jpg": [], "RL-331.jpg": [], "RL-075.jpg": [], "RL-286.jpg": [], "RL-274.jpg": [], "RL-296.jpg": [], "RL-249.jpg": [[136, 367, 161, 390, 0.9035963067040765], [198, 339, 223, 362, 0.900532810610661], [289, 280, 314, 303, 0.9011141873369288]], "RL-310.jpg": [], "RL-256.jpg": [], "RL-123.jpg": [[237, 412, 262, 435, 0.9124473377017566]], "RL-074.jpg": [], "RL-289.jpg": [], "RL-176.jpg": [], "RL-045.jpg": [],